DROP TABLE IF EXISTS `xy_ad`;
/*#####################@ pe_cutsql @#####################*/
CREATE TABLE `xy_ad` (
  `ad_id` int(10) unsigned NOT NULL AUTO_INCREMENT,
  `ad_logo` varchar(100) NOT NULL,
  `ad_url` varchar(100) NOT NULL,
  `ad_type` varchar(10) NOT NULL DEFAULT 'pc' COMMENT '广告类型(pc/h5)',
  `ad_position` varchar(15) NOT NULL,
  `ad_state` tinyint(1) unsigned NOT NULL DEFAULT '1' COMMENT '广告显示状态',
  `ad_order` int(10) unsigned NOT NULL DEFAULT '0',
  `category_id` smallint(5) unsigned NOT NULL DEFAULT '0' COMMENT '分类id',
  PRIMARY KEY (`ad_id`)
) ENGINE=MyISAM AUTO_INCREMENT=19 DEFAULT CHARSET=utf8;
/*#####################@ pe_cutsql @#####################*/
INSERT INTO `xy_ad` VALUES('18','attachment/2018-08/20180812190436q.jpg','','pc','index_jdt','1','3','0'),
('12','attachment/2020-02/2020022520252315828j.jpg','','pc','index_jdt','1','0','0'),
('16','attachment/2020-02/2020021510283115884h.jpg','http://www.baidu.com','h5','index_jdt','1','0','0'),
('17','attachment/2018-08/20180812190305q.jpg','','pc','index_jdt','1','0','0');
/*#####################@ pe_cutsql @#####################*/
DROP TABLE IF EXISTS `xy_admin`;
/*#####################@ pe_cutsql @#####################*/
CREATE TABLE `xy_admin` (
  `admin_id` int(10) unsigned NOT NULL AUTO_INCREMENT COMMENT '管理id',
  `admin_name` varchar(20) NOT NULL COMMENT '管理名',
  `admin_pw` varchar(32) NOT NULL COMMENT '管理密码',
  `admin_atime` int(10) unsigned NOT NULL DEFAULT '0' COMMENT '管理注册时间',
  `admin_ltime` int(10) unsigned NOT NULL DEFAULT '0' COMMENT '管理上次登录时间',
  `adminlevel_id` smallint(5) unsigned NOT NULL DEFAULT '0',
  PRIMARY KEY (`admin_id`)
) ENGINE=MyISAM AUTO_INCREMENT=2 DEFAULT CHARSET=utf8;
/*#####################@ pe_cutsql @#####################*/
INSERT INTO `xy_admin` VALUES('1','admin','21232f297a57a5a743894a0e4a801fc3','1269059337','1593765223','1');
/*#####################@ pe_cutsql @#####################*/
DROP TABLE IF EXISTS `xy_adminlevel`;
/*#####################@ pe_cutsql @#####################*/
CREATE TABLE `xy_adminlevel` (
  `adminlevel_id` smallint(5) unsigned NOT NULL AUTO_INCREMENT COMMENT '管理等级id',
  `adminlevel_name` varchar(20) NOT NULL COMMENT '管理等级名称',
  `adminlevel_modact` text NOT NULL COMMENT '管理等级权限',
  `adminlevel_menumark` text NOT NULL,
  PRIMARY KEY (`adminlevel_id`)
) ENGINE=MyISAM AUTO_INCREMENT=2 DEFAULT CHARSET=utf8;
/*#####################@ pe_cutsql @#####################*/
INSERT INTO `xy_adminlevel` VALUES('1','总管理员','','');
/*#####################@ pe_cutsql @#####################*/
DROP TABLE IF EXISTS `xy_article`;
/*#####################@ pe_cutsql @#####################*/
CREATE TABLE `xy_article` (
  `article_id` int(10) unsigned NOT NULL AUTO_INCREMENT,
  `article_name` varchar(100) NOT NULL,
  `article_text` text NOT NULL,
  `article_atime` int(10) unsigned NOT NULL DEFAULT '0',
  `article_clicknum` int(10) unsigned NOT NULL DEFAULT '0',
  `class_id` smallint(5) unsigned NOT NULL DEFAULT '0',
  PRIMARY KEY (`article_id`),
  KEY `class_id` (`class_id`)
) ENGINE=MyISAM AUTO_INCREMENT=21 DEFAULT CHARSET=utf8;
/*#####################@ pe_cutsql @#####################*/
INSERT INTO `xy_article` VALUES('1','关于逍遥','<p style=\"text-align: center;\">这是小的第一篇公告。<br/></p><p>什么玩意都没有啊！</p><p>是吗？我不知道啊，真的是这样吗？ssssss</p><p style=\"white-space: normal;\">这是小的第一篇公告。</p><p style=\"white-space: normal;\"><img src=\"/attachment/2020-01/1579167053.jpg\" title=\"1579167053.jpg\" alt=\"11 - 副本.jpg\"/></p><p style=\"white-space: normal;\">什么玩意都没有啊！</p><p style=\"white-space: normal;\">是吗？我不知道啊，真的是这样吗？ssssss</p><p style=\"white-space: normal;\">这是小的第一篇公告。</p><p style=\"white-space: normal;\">什么玩意都没有啊！</p><p style=\"white-space: normal;\">是吗？我不知道啊，真的是这样吗？ssssss</p><p style=\"white-space: normal;\">这是小的第一篇公告。</p><p style=\"white-space: normal;\">什么玩意都没有啊！</p><p style=\"white-space: normal;\">是吗？我不知道啊，真的是这样吗？ssssss</p><p style=\"white-space: normal;\">这是小的第一篇公告。</p><p style=\"white-space: normal;\">什么玩意都没有啊！</p><p style=\"white-space: normal;\">是吗？我不知道啊，真的是这样吗？ssssss</p><p style=\"white-space: normal;\">这是小的第一篇公告。</p><p style=\"white-space: normal;\">什么玩意都没有啊！</p><p style=\"white-space: normal;\">是吗？我不知道啊，真的是这样吗？ssssss</p><p style=\"white-space: normal;\">这是小的第一篇公告。</p><p style=\"white-space: normal;\">什么玩意都没有啊！</p><p style=\"white-space: normal;\">是吗？我不知道啊，真的是这样吗？ssssss</p><p style=\"white-space: normal;\">这是小的第一篇公告。</p><p style=\"white-space: normal;\">什么玩意都没有啊！</p><p style=\"white-space: normal;\">是吗？我不知道啊，真的是这样吗？ssssss</p><p style=\"white-space: normal;\">这是小的第一篇公告。</p><p style=\"white-space: normal;\">什么玩意都没有啊！</p><p style=\"white-space: normal;\">是吗？我不知道啊，真的是这样吗？ssssss</p><p style=\"white-space: normal;\">这是小的第一篇公告。</p><p style=\"white-space: normal;\">什么玩意都没有啊！</p><p style=\"white-space: normal;\">是吗？我不知道啊，真的是这样吗？ssssss</p><p><br/></p>','1576488300','990','1'),
('2','逍遥B2C商城系统v1.0版演示站上线','<p>逍遥B2C商城系统v1.0版演示站上线</p><p><video class=\"edui-upload-video  vjs-default-skin video-js\" controls=\"\" preload=\"none\" width=\"420\" height=\"280\" src=\"http://test.szkandk.cn/xy/attachment/2020-03/2020033117504815824r.mp4\" data-setup=\"{}\"></video></p>','1576488360','964','1'),
('5','购物指南','填写购物指南吧','1576488540','56','4'),
('6','支付方式','在这里填写支付方式','1576488540','58','4'),
('7','常见问题','在这里填写常见问题','1576488540','42','4'),
('8','配送时间及运费','在这里填写配送时间及运费','1576488540','294','5'),
('9','验货与签收','<a target=\"_blank\" href=\"http://www.phpshe.com\" title=\"PHPSHE/haoshop商城系统\">请在此填写相关内容</a>','1406564220','178','5'),
('10','订单查询','在这里填写订单查询<span id=\"__kindeditor_bookmark_start_1__\"></span>','1576488540','34','5'),
('11','售后政策','在这里填写售后政策','1576488600','66','6'),
('12','退货说明','<a target=\"_blank\" href=\"http://www.phpshe.com\" title=\"PHPSHE/haoshop商城系统\">请在此填写相关内容</a>','1406564400','7','6'),
('13','取消订单','在这里填写取消订单操作说明','1576488600','13','6'),
('14','公司简介','在这里填写公司简介','1576488600','148','7'),
('15','联系我们','在这里填写联系我们','1576488600','39','7'),
('16','诚聘英才','在这里填写内容','1576488660','61','7'),
('17','货到付款','在这里填写货到付款说明','1576488660','63','12'),
('18','在线支付','在这里填写在线支付内容','1576488660','14','12'),
('19','邮局汇款','在这里填写邮局汇款','1576488660','18','12'),
('20','公司转账','在这里填写公司转帐内容','1576488660','4','12');
/*#####################@ pe_cutsql @#####################*/
DROP TABLE IF EXISTS `xy_ask`;
/*#####################@ pe_cutsql @#####################*/
CREATE TABLE `xy_ask` (
  `ask_id` int(10) unsigned NOT NULL AUTO_INCREMENT,
  `ask_text` text NOT NULL,
  `ask_atime` int(10) unsigned NOT NULL DEFAULT '0',
  `ask_replytext` text NOT NULL,
  `ask_replytime` int(10) unsigned NOT NULL DEFAULT '0',
  `ask_state` tinyint(1) unsigned NOT NULL DEFAULT '0',
  `product_id` int(10) unsigned NOT NULL,
  `product_name` varchar(50) NOT NULL COMMENT '商品名称',
  `product_logo` varchar(100) NOT NULL COMMENT '商品logo',
  `user_id` int(10) unsigned NOT NULL DEFAULT '0',
  `user_name` varchar(20) NOT NULL,
  `user_ip` char(15) NOT NULL DEFAULT '0.0.0.0',
  PRIMARY KEY (`ask_id`),
  KEY `product_id` (`product_id`),
  KEY `user_id` (`user_id`)
) ENGINE=MyISAM DEFAULT CHARSET=utf8;
/*#####################@ pe_cutsql @#####################*/
DROP TABLE IF EXISTS `xy_brand`;
/*#####################@ pe_cutsql @#####################*/
CREATE TABLE `xy_brand` (
  `brand_id` smallint(5) unsigned NOT NULL AUTO_INCREMENT,
  `brand_name` varchar(30) NOT NULL,
  `brand_logo` varchar(255) NOT NULL COMMENT '品牌图片',
  `brand_text` varchar(255) NOT NULL COMMENT '品牌介绍',
  `brand_word` char(1) NOT NULL COMMENT '品牌首字母',
  `brand_order` smallint(5) unsigned NOT NULL DEFAULT '0',
  PRIMARY KEY (`brand_id`)
) ENGINE=MyISAM AUTO_INCREMENT=5 DEFAULT CHARSET=utf8;
/*#####################@ pe_cutsql @#####################*/
INSERT INTO `xy_brand` VALUES('4','九阳','attachment/brand/4.jpg','九阳','J','0');
/*#####################@ pe_cutsql @#####################*/
DROP TABLE IF EXISTS `xy_cart`;
/*#####################@ pe_cutsql @#####################*/
CREATE TABLE `xy_cart` (
  `cart_id` int(10) unsigned NOT NULL AUTO_INCREMENT,
  `cart_act` varchar(10) NOT NULL DEFAULT 'cart' COMMENT '购买方式(cart加入购物车/buy立即购买)',
  `cart_type` varchar(10) NOT NULL,
  `cart_atime` int(10) unsigned NOT NULL DEFAULT '0',
  `product_id` int(10) unsigned NOT NULL DEFAULT '0',
  `product_guid` int(10) unsigned NOT NULL DEFAULT '0' COMMENT '唯一id',
  `product_name` varchar(100) NOT NULL,
  `product_rule` varchar(255) NOT NULL COMMENT '规格数据集',
  `product_logo` varchar(100) NOT NULL,
  `product_money` decimal(10,1) unsigned NOT NULL DEFAULT '0.0',
  `product_num` smallint(5) unsigned NOT NULL DEFAULT '1',
  `huodong_id` int(10) unsigned NOT NULL DEFAULT '0',
  `pintuan_id` bigint(15) unsigned NOT NULL DEFAULT '0',
  `user_id` varchar(32) NOT NULL,
  PRIMARY KEY (`cart_id`),
  KEY `cart_type` (`cart_act`),
  KEY `product_id` (`product_id`),
  KEY `product_guid` (`product_guid`),
  KEY `user_id` (`user_id`)
) ENGINE=MyISAM AUTO_INCREMENT=208 DEFAULT CHARSET=utf8;
/*#####################@ pe_cutsql @#####################*/
DROP TABLE IF EXISTS `xy_cashout`;
/*#####################@ pe_cutsql @#####################*/
CREATE TABLE `xy_cashout` (
  `cashout_id` int(10) unsigned NOT NULL AUTO_INCREMENT,
  `cashout_money` decimal(10,1) unsigned NOT NULL DEFAULT '0.0',
  `cashout_fee` decimal(5,1) unsigned NOT NULL DEFAULT '0.0' COMMENT '提现手续费',
  `cashout_atime` int(10) unsigned NOT NULL DEFAULT '0',
  `cashout_ptime` int(10) unsigned NOT NULL DEFAULT '0' COMMENT '结算日期',
  `cashout_state` tinyint(1) unsigned NOT NULL DEFAULT '0',
  `cashout_ip` char(15) NOT NULL COMMENT '用户ip',
  `cashout_bankname` varchar(20) NOT NULL,
  `cashout_banknum` varchar(50) NOT NULL,
  `cashout_banktname` varchar(10) NOT NULL,
  `cashout_bankaddress` varchar(50) NOT NULL,
  `user_id` int(10) unsigned NOT NULL DEFAULT '0',
  `user_name` varchar(30) NOT NULL,
  PRIMARY KEY (`cashout_id`),
  KEY `user_id` (`user_id`),
  KEY `cashout_state` (`cashout_state`)
) ENGINE=MyISAM DEFAULT CHARSET=utf8;
/*#####################@ pe_cutsql @#####################*/
DROP TABLE IF EXISTS `xy_category`;
/*#####################@ pe_cutsql @#####################*/
CREATE TABLE `xy_category` (
  `category_id` smallint(5) unsigned NOT NULL AUTO_INCREMENT,
  `category_pid` smallint(5) unsigned NOT NULL DEFAULT '0',
  `category_name` varchar(30) NOT NULL,
  `category_title` varchar(100) NOT NULL,
  `category_keys` varchar(255) NOT NULL,
  `category_desc` varchar(255) NOT NULL,
  `category_order` smallint(5) unsigned NOT NULL DEFAULT '0',
  `category_icon` varchar(150) DEFAULT NULL COMMENT '分类图标',
  PRIMARY KEY (`category_id`)
) ENGINE=MyISAM AUTO_INCREMENT=40 DEFAULT CHARSET=utf8;
/*#####################@ pe_cutsql @#####################*/
INSERT INTO `xy_category` VALUES('1','0','数码','','','','0',''),
('2','1','手机','','','','0','attachment/2020-02/2020021117392815800r.jpg'),
('4','3','奶粉','','','','0','attachment/2020-02/2020021122385715894x.jpg'),
('5','3','营养辅食','','','','0','attachment/2020-02/2020021122393915818c.jpg'),
('6','1','显示器','','','','0','attachment/2020-02/2020021117400515879j.jpg'),
('7','1','手机配件','','','','0','attachment/2020-02/2020021117412615857b.jpg'),
('8','1','摄像摄影','','','','0','attachment/2020-02/2020021117415515883g.jpg'),
('9','1','耳机耳麦','','','','0','attachment/2020-02/2020021117422815819l.jpg'),
('11','10','厨房小电','','','','0','attachment/2020-02/2020021117430815821c.jpg'),
('12','10','个护健康','','','','0','attachment/2020-02/2020021117434915896p.png'),
('13','10','冰箱','','','','0','attachment/2020-02/2020021117442515813d.jpg'),
('15','14','电脑整机','','','','0','attachment/2020-02/2020021117481215843u.jpg'),
('16','14','外设产品','','','','0','attachment/2020-02/2020021117485115816v.jpg'),
('17','14','电脑配件','','','','0','attachment/2020-02/2020021117493215838w.jpg'),
('19','18','拔草推荐','','','','0','attachment/2020-02/2020021117542915868l.jpg'),
('20','18','面部护肤','','','','0','attachment/2020-02/2020021117550115857r.jpg'),
('21','18','男士护肤','','','','0','attachment/2020-02/2020021122373315841d.jpg'),
('22','18','香水','','','','0','attachment/2020-02/2020021122380715879h.jpg'),
('24','23','文学','','','','0','attachment/2020-02/2020021122403515824e.jpg'),
('25','23','童书','','','','0','attachment/2020-02/2020021122410815859h.jpg'),
('26','23','教材辅导','','','','0','attachment/2020-02/2020021122413515877k.jpg'),
('28','27','健身训练','','','','0','attachment/2020-02/2020021122422915876e.jpg'),
('29','27','运动服饰','','','','0','attachment/2020-02/2020021122425615815f.jpg'),
('30','27','户外装备','','','','0','attachment/2020-02/2020021122432915857u.jpg'),
('32','31','休闲食品','','','','0','attachment/2020-02/2020021122442015835j.jpg'),
('33','31','新鲜水果','','','','0','attachment/2020-02/2020021122453515889i.jpg'),
('34','31','粮油调味','','','','0','attachment/2020-02/2020021122460715855m.jpg'),
('36','35','汽车装饰','','','','0','attachment/2020-02/2020021122512915841n.jpg'),
('37','35','美容清洗','','','','0','attachment/2020-02/2020021122520315843x.jpg'),
('38','35','车载电器','','','','0','attachment/2020-02/2020021122523015896b.jpg');
/*#####################@ pe_cutsql @#####################*/
INSERT INTO `xy_category` VALUES('39','35','维修保养','','','','0','attachment/2020-02/2020021122530615854s.jpg');
/*#####################@ pe_cutsql @#####################*/
DROP TABLE IF EXISTS `xy_class`;
/*#####################@ pe_cutsql @#####################*/
CREATE TABLE `xy_class` (
  `class_id` smallint(5) unsigned NOT NULL AUTO_INCREMENT,
  `class_name` varchar(30) NOT NULL,
  `class_type` varchar(10) NOT NULL DEFAULT 'news' COMMENT '分类类型',
  `class_order` smallint(5) unsigned NOT NULL DEFAULT '0',
  PRIMARY KEY (`class_id`)
) ENGINE=MyISAM AUTO_INCREMENT=14 DEFAULT CHARSET=utf8;
/*#####################@ pe_cutsql @#####################*/
INSERT INTO `xy_class` VALUES('1','网站公告','news','0'),
('2','新闻动态','news','1'),
('4','用户指南','help','1'),
('5','配送方式','help','2'),
('6','售后服务','help','4'),
('7','关于我们','help','5'),
('12','支付方式','help','3');
/*#####################@ pe_cutsql @#####################*/
DROP TABLE IF EXISTS `xy_collect`;
/*#####################@ pe_cutsql @#####################*/
CREATE TABLE `xy_collect` (
  `collect_id` int(10) unsigned NOT NULL AUTO_INCREMENT,
  `collect_atime` int(10) unsigned NOT NULL DEFAULT '0',
  `product_id` int(10) unsigned NOT NULL DEFAULT '0',
  `user_id` int(10) unsigned NOT NULL DEFAULT '0',
  PRIMARY KEY (`collect_id`),
  KEY `product_id` (`product_id`),
  KEY `user_id` (`user_id`)
) ENGINE=MyISAM AUTO_INCREMENT=5 DEFAULT CHARSET=utf8;
/*#####################@ pe_cutsql @#####################*/
DROP TABLE IF EXISTS `xy_comment`;
/*#####################@ pe_cutsql @#####################*/
CREATE TABLE `xy_comment` (
  `comment_id` int(10) unsigned NOT NULL AUTO_INCREMENT COMMENT '留言id',
  `comment_star` tinyint(1) unsigned NOT NULL DEFAULT '5' COMMENT '评价星级',
  `comment_text` text NOT NULL COMMENT '留言内容',
  `comment_logo` text NOT NULL COMMENT '评价晒图',
  `comment_atime` int(10) NOT NULL DEFAULT '0' COMMENT '留言时间',
  `comment_reply` tinyint(1) unsigned NOT NULL DEFAULT '0' COMMENT '是否回复(0/1)',
  `comment_reply_text` text NOT NULL COMMENT '回复内容',
  `comment_reply_time` int(10) unsigned NOT NULL DEFAULT '0' COMMENT '回复时间',
  `order_id` int(10) unsigned NOT NULL DEFAULT '0' COMMENT '订单id',
  `product_id` int(10) unsigned NOT NULL,
  `product_name` varchar(50) NOT NULL COMMENT '商品名称',
  `product_logo` varchar(100) NOT NULL COMMENT '商品logo',
  `user_id` int(10) unsigned NOT NULL COMMENT '接受方用户id',
  `user_name` varchar(20) NOT NULL,
  `user_logo` varchar(100) NOT NULL COMMENT '用户头像',
  `user_ip` char(15) NOT NULL DEFAULT '0.0.0.0',
  PRIMARY KEY (`comment_id`),
  KEY `product_id` (`product_id`),
  KEY `user_id` (`user_id`)
) ENGINE=MyISAM AUTO_INCREMENT=9 DEFAULT CHARSET=utf8;
/*#####################@ pe_cutsql @#####################*/
DROP TABLE IF EXISTS `xy_express`;
/*#####################@ pe_cutsql @#####################*/
CREATE TABLE `xy_express` (
  `express_id` smallint(5) unsigned NOT NULL AUTO_INCREMENT COMMENT '快递模板id',
  `express_name` varchar(30) NOT NULL COMMENT '快递模板名',
  `express_logo` varchar(100) NOT NULL COMMENT '快递模板logo',
  `express_tag` text NOT NULL COMMENT '快递模板信息',
  `express_width` int(10) unsigned NOT NULL,
  `express_height` int(10) unsigned NOT NULL,
  `express_width_px` int(10) unsigned NOT NULL DEFAULT '0' COMMENT '像素宽',
  `express_height_px` int(10) unsigned NOT NULL DEFAULT '0' COMMENT '像素高',
  `express_x` int(10) unsigned NOT NULL DEFAULT '0' COMMENT 'x轴偏移量',
  `express_y` int(10) unsigned NOT NULL DEFAULT '0' COMMENT 'y轴偏移量',
  `express_atime` int(10) unsigned NOT NULL DEFAULT '0' COMMENT '添加时间',
  `express_state` tinyint(1) unsigned NOT NULL DEFAULT '1' COMMENT '启用状态',
  `express_order` tinyint(3) unsigned NOT NULL DEFAULT '255',
  PRIMARY KEY (`express_id`)
) ENGINE=MyISAM AUTO_INCREMENT=5 DEFAULT CHARSET=utf8;
/*#####################@ pe_cutsql @#####################*/
DROP TABLE IF EXISTS `xy_getpw`;
/*#####################@ pe_cutsql @#####################*/
CREATE TABLE `xy_getpw` (
  `getpw_id` int(10) unsigned NOT NULL AUTO_INCREMENT,
  `getpw_token` char(32) NOT NULL,
  `getpw_state` tinyint(1) unsigned NOT NULL DEFAULT '0',
  `getpw_atime` int(10) unsigned NOT NULL DEFAULT '0' COMMENT '绑定日期',
  `user_id` int(10) unsigned NOT NULL DEFAULT '0',
  `user_name` varchar(20) NOT NULL,
  PRIMARY KEY (`getpw_id`),
  KEY `getpw_token` (`getpw_token`)
) ENGINE=MyISAM DEFAULT CHARSET=utf8;
/*#####################@ pe_cutsql @#####################*/
DROP TABLE IF EXISTS `xy_huodong`;
/*#####################@ pe_cutsql @#####################*/
CREATE TABLE `xy_huodong` (
  `huodong_id` int(10) unsigned NOT NULL AUTO_INCREMENT COMMENT '活动自增id',
  `huodong_tag` varchar(10) NOT NULL COMMENT '活动价格标签',
  `huodong_type` varchar(10) NOT NULL DEFAULT 'zhekou' COMMENT '活动类型(zhekou/pintuan)',
  `huodong_desc` varchar(30) NOT NULL COMMENT '活动描述',
  `huodong_atime` int(10) unsigned NOT NULL DEFAULT '0' COMMENT '活动开始日期',
  `huodong_stime` int(10) unsigned NOT NULL DEFAULT '0',
  `huodong_etime` int(10) unsigned NOT NULL DEFAULT '0' COMMENT '活动结束日期',
  PRIMARY KEY (`huodong_id`)
) ENGINE=MyISAM AUTO_INCREMENT=53 DEFAULT CHARSET=utf8;
/*#####################@ pe_cutsql @#####################*/
INSERT INTO `xy_huodong` VALUES('49','限时拼团','pintuan','','1582010452','1582010400','1608880800');
/*#####################@ pe_cutsql @#####################*/
DROP TABLE IF EXISTS `xy_huodongdata`;
/*#####################@ pe_cutsql @#####################*/
CREATE TABLE `xy_huodongdata` (
  `huodongdata_id` int(10) unsigned NOT NULL AUTO_INCREMENT,
  `huodong_id` int(10) unsigned NOT NULL DEFAULT '0',
  `huodong_tag` varchar(10) NOT NULL,
  `huodong_type` varchar(10) NOT NULL COMMENT '活动类型(zhekou/pintuan)',
  `huodong_stime` int(10) unsigned NOT NULL DEFAULT '0',
  `huodong_etime` int(10) unsigned NOT NULL DEFAULT '0',
  `product_id` int(10) unsigned NOT NULL DEFAULT '0',
  `product_name` varchar(100) NOT NULL,
  `product_logo` varchar(100) NOT NULL,
  `product_smoney` decimal(10,1) unsigned NOT NULL DEFAULT '0.0',
  `product_money` decimal(10,1) unsigned NOT NULL DEFAULT '0.0',
  `product_zhe` float unsigned NOT NULL DEFAULT '0' COMMENT '折扣率',
  `product_ptnum` int(10) unsigned NOT NULL DEFAULT '0' COMMENT '拼团人数',
  PRIMARY KEY (`huodongdata_id`),
  KEY `huodong_id` (`huodong_id`),
  KEY `product_id` (`product_id`)
) ENGINE=MyISAM AUTO_INCREMENT=91 DEFAULT CHARSET=utf8;
/*#####################@ pe_cutsql @#####################*/
DROP TABLE IF EXISTS `xy_iplog`;
/*#####################@ pe_cutsql @#####################*/
CREATE TABLE `xy_iplog` (
  `iplog_id` int(10) unsigned NOT NULL AUTO_INCREMENT COMMENT 'ip记录id',
  `iplog_ip` char(15) NOT NULL COMMENT 'ip记录ip',
  `iplog_ipname` varchar(20) NOT NULL COMMENT '验证码上传省份',
  `iplog_atime` int(10) unsigned NOT NULL DEFAULT '0' COMMENT 'ip记录时间',
  `iplog_adate` date NOT NULL COMMENT 'ip记录日期',
  PRIMARY KEY (`iplog_id`),
  KEY `iplog_ip` (`iplog_ip`),
  KEY `iplog_adate` (`iplog_adate`)
) ENGINE=MyISAM AUTO_INCREMENT=155 DEFAULT CHARSET=utf8;
/*#####################@ pe_cutsql @#####################*/
INSERT INTO `xy_iplog` VALUES('96','36.7.153.41','','1584522534','2020-03-18'),
('97','125.34.11.161','','1584533991','2020-03-18'),
('98','60.165.65.37','','1584534571','2020-03-18'),
('99','139.208.254.100','','1584584825','2020-03-19'),
('100','139.208.253.128','','1584587256','2020-03-19'),
('101','36.7.153.41','','1584587554','2020-03-19'),
('102','60.165.65.37','','1584589111','2020-03-19'),
('103','42.236.10.84','','1584593257','2020-03-19'),
('104','42.236.10.75','','1584593274','2020-03-19'),
('105','113.77.184.20','','1584607270','2020-03-19'),
('106','114.100.97.176','','1584618835','2020-03-19'),
('107','36.7.153.41','','1584682482','2020-03-20'),
('108','119.50.73.231','','1584690141','2020-03-20'),
('109','36.7.153.41','','1584766964','2020-03-21'),
('110','183.160.64.41','','1584767338','2020-03-21'),
('111','221.237.93.75','','1584770095','2020-03-21'),
('112','42.236.10.75','','1584770174','2020-03-21'),
('113','116.21.62.163','','1584770365','2020-03-21'),
('114','180.163.220.4','','1584770485','2020-03-21'),
('115','119.50.73.231','','1584782162','2020-03-21'),
('116','60.255.77.43','','1584886530','2020-03-22'),
('117','101.21.174.130','','1584901380','2020-03-23'),
('118','36.7.153.41','','1584947025','2020-03-23'),
('119','58.243.250.152','','1584953018','2020-03-23'),
('120','117.136.117.71','','1584953401','2020-03-23'),
('121','36.61.196.156','','1584959438','2020-03-23'),
('122','36.7.153.41','','1585038288','2020-03-24'),
('123','183.193.60.133','','1585043970','2020-03-24'),
('124','120.204.17.71','','1585044032','2020-03-24'),
('125','183.193.60.133','','1585104361','2020-03-25');
/*#####################@ pe_cutsql @#####################*/
INSERT INTO `xy_iplog` VALUES('126','36.7.153.41','','1585105949','2020-03-25'),
('127','36.61.196.156','','1585115494','2020-03-25'),
('128','42.236.10.117','','1585154676','2020-03-26'),
('129','36.7.153.41','','1585187843','2020-03-26'),
('130','36.61.223.240','','1585193028','2020-03-26'),
('131','58.243.254.165','','1585205828','2020-03-26'),
('132','36.61.214.50','','1585205932','2020-03-26'),
('133','223.104.34.1','','1585206149','2020-03-26'),
('134','183.193.60.133','','1585212148','2020-03-26'),
('135','223.104.35.164','','1585218262','2020-03-26'),
('136','36.7.153.41','','1585269041','2020-03-27'),
('137','36.61.223.240','','1585289786','2020-03-27'),
('138','114.100.98.230','','1585315947','2020-03-27'),
('139','114.100.98.230','','1585324806','2020-03-28'),
('140','114.100.97.238','','1585356202','2020-03-28'),
('141','183.160.65.161','','1585377988','2020-03-28'),
('142','36.7.153.41','','1585404730','2020-03-28'),
('143','203.190.109.234','','1585414263','2020-03-29'),
('144','183.160.65.243','','1585450887','2020-03-29'),
('145','114.100.96.140','','1585466618','2020-03-29'),
('146','36.7.153.41','','1585467091','2020-03-29'),
('147','36.7.153.41','','1585538860','2020-03-30'),
('148','114.100.96.140','','1585577414','2020-03-30'),
('149','114.100.96.140','','1585584082','2020-03-31'),
('150','36.7.153.41','','1585633080','2020-03-31'),
('151','36.61.191.130','','1585634129','2020-03-31'),
('152','36.7.153.41','','1585710019','2020-04-01'),
('153','36.7.153.41','','1589171183','2020-05-11'),
('154','192.168.3.90','','1593765218','2020-07-03');
/*#####################@ pe_cutsql @#####################*/
DROP TABLE IF EXISTS `xy_link`;
/*#####################@ pe_cutsql @#####################*/
CREATE TABLE `xy_link` (
  `link_id` int(10) unsigned NOT NULL AUTO_INCREMENT COMMENT '友情链接id',
  `link_name` varchar(50) NOT NULL COMMENT '友情链接名称',
  `link_url` varchar(100) NOT NULL COMMENT '友情链接url',
  `link_order` int(10) unsigned NOT NULL DEFAULT '0' COMMENT '友情链接排序',
  PRIMARY KEY (`link_id`)
) ENGINE=MyISAM AUTO_INCREMENT=3 DEFAULT CHARSET=utf8;
/*#####################@ pe_cutsql @#####################*/
INSERT INTO `xy_link` VALUES('1','逍瑶官方网站','http://www.qiye1000.com','1');
/*#####################@ pe_cutsql @#####################*/
DROP TABLE IF EXISTS `xy_menu`;
/*#####################@ pe_cutsql @#####################*/
CREATE TABLE `xy_menu` (
  `menu_id` smallint(5) unsigned NOT NULL AUTO_INCREMENT COMMENT '导航id',
  `menu_name` varchar(20) NOT NULL COMMENT '导航名称',
  `menu_type` char(3) NOT NULL DEFAULT 'sys' COMMENT '导航类型',
  `menu_url` varchar(50) NOT NULL COMMENT '导航链接',
  `menu_target` tinyint(1) unsigned NOT NULL DEFAULT '1' COMMENT '新标签打开',
  `menu_order` smallint(5) unsigned NOT NULL DEFAULT '0' COMMENT '导航排序',
  PRIMARY KEY (`menu_id`)
) ENGINE=MyISAM AUTO_INCREMENT=7 DEFAULT CHARSET=utf8;
/*#####################@ pe_cutsql @#####################*/
INSERT INTO `xy_menu` VALUES('1','品牌专区','sys','brand-list','0','1'),
('2','领券中心','sys','quan-list','0','2'),
('3','限时折扣','sys','huodong-zhekou','0','3'),
('4','限时拼团','sys','huodong-pintuan','0','4');
/*#####################@ pe_cutsql @#####################*/
DROP TABLE IF EXISTS `xy_moneylog`;
/*#####################@ pe_cutsql @#####################*/
CREATE TABLE `xy_moneylog` (
  `moneylog_id` int(10) unsigned NOT NULL AUTO_INCREMENT,
  `moneylog_type` varchar(10) NOT NULL,
  `moneylog_in` decimal(10,1) unsigned NOT NULL DEFAULT '0.0' COMMENT '收入',
  `moneylog_out` decimal(10,1) unsigned NOT NULL DEFAULT '0.0' COMMENT '支出',
  `moneylog_now` decimal(10,1) unsigned NOT NULL DEFAULT '0.0' COMMENT '当前结余',
  `moneylog_atime` int(10) unsigned NOT NULL DEFAULT '0' COMMENT '时间',
  `moneylog_text` varchar(255) NOT NULL,
  `user_id` int(10) unsigned NOT NULL DEFAULT '0' COMMENT '用户id',
  `user_name` varchar(20) NOT NULL COMMENT '用户名',
  PRIMARY KEY (`moneylog_id`),
  KEY `user_id` (`user_id`)
) ENGINE=MyISAM AUTO_INCREMENT=27 DEFAULT CHARSET=utf8;
/*#####################@ pe_cutsql @#####################*/
DROP TABLE IF EXISTS `xy_notice`;
/*#####################@ pe_cutsql @#####################*/
CREATE TABLE `xy_notice` (
  `notice_id` int(10) unsigned NOT NULL AUTO_INCREMENT,
  `notice_name` varchar(20) NOT NULL COMMENT '通知名称',
  `notice_type` varchar(20) NOT NULL COMMENT '通知类型',
  `notice_obj` varchar(5) NOT NULL COMMENT '通知对象',
  `notice_sms_text` varchar(255) NOT NULL,
  `notice_sms_templateid` varchar(20) DEFAULT NULL COMMENT '短信模板ID',
  `notice_sms_state` tinyint(1) unsigned NOT NULL DEFAULT '1',
  `notice_email_name` varchar(100) NOT NULL COMMENT '邮件标题',
  `notice_email_text` text NOT NULL COMMENT '邮件内容',
  `notice_email_state` tinyint(1) unsigned NOT NULL DEFAULT '0' COMMENT '通知状态',
  PRIMARY KEY (`notice_id`)
) ENGINE=MyISAM AUTO_INCREMENT=7 DEFAULT CHARSET=utf8;
/*#####################@ pe_cutsql @#####################*/
INSERT INTO `xy_notice` VALUES('1','用户下单','order_add','user','下单通知：订单${order_id}提交成功，请及时付款！','','0','下单通知：订单{order_id}提交成功，请及时付款！','<p>
	订单金额：{order_money}元
</p>
<p>
	收货姓名：{user_tname}
</p>
<p>
	联系电话：{user_phone}
</p>
<p>
	收货地址：{user_address}
</p>
<p>
	<br />
</p>','0'),
('2','订单付款','order_pay','user','付款通知：订单${order_id}付款成功，祝您生活愉快！','','0','付款通知：订单{order_id}付款成功，祝您生活愉快！','<p>
	订单金额：{order_money}元
</p>
<p>
	收货姓名：{user_tname}
</p>
<p>
	联系电话：{user_phone}
</p>
<p>
	收货地址：{user_address}
</p>
<p>
	<br />
</p>','0'),
('3','订单发货','order_send','user','发货通知：订单${order_id}已发货，请注意接收！','','0','发货通知：订单{order_id}已发货，请注意接收！','<p>
	快递公司：{order_wl_name}，运单编号：{order_wl_id}<span class=\"tag_gray fl mar5 mab5\" style=\"line-height:20px;\"></span>，如有问题请及时联系！
</p>','0'),
('4','订单关闭','order_close','user','关闭通知：订单${order_id}已关闭，原因：${order_closetext}','','0','关闭通知：订单{order_id}已关闭，原因：{order_closetext}','订单金额：{order_money}元
<p>
	收货姓名：{user_tname}
</p>
<p>
	联系电话：{user_phone}
</p>
<p>
	收货地址：{user_address}
</p>
<p>
	<br />
</p>','0'),
('5','用户下单','order_add','admin','新订单通知：${order_id}，金额：${order_money}元，姓名：${user_tname}，电话：${user_phone}，请注意查看！','','0','新订单通知：{order_id}，金额：{order_money}元，姓名：{user_tname}，电话：{user_phone}，请注意查看！','<p>
	订单金额：{order_money}元
</p>
<p>
	收货姓名：{user_tname}
</p>
<p>
	联系电话：{user_phone}
</p>
<p>
	收货地址：{user_address}
</p>','0'),
('6','订单付款','order_pay','admin','关闭通知：订单${order_id}已关闭，原因：${order_closetext}','','0','付款通知：订单{order_id}付款成功，请及时安排发货！','<p>
	订单金额：{order_money}元
</p>
<p>
	收货姓名：{user_tname}
</p>
<p>
	联系电话：{user_phone}
</p>
<p>
	收货地址：{user_address}
</p>','0');
/*#####################@ pe_cutsql @#####################*/
DROP TABLE IF EXISTS `xy_noticelog`;
/*#####################@ pe_cutsql @#####################*/
CREATE TABLE `xy_noticelog` (
  `noticelog_id` int(10) unsigned NOT NULL AUTO_INCREMENT COMMENT '通知记录id',
  `noticelog_type` varchar(5) NOT NULL DEFAULT 'email',
  `noticelog_user` varchar(30) NOT NULL COMMENT '通知对象',
  `noticelog_name` varchar(100) NOT NULL COMMENT '通知名称',
  `noticelog_text` text NOT NULL COMMENT '通知内容',
  `noticelog_atime` int(10) unsigned NOT NULL DEFAULT '0' COMMENT '录入时间',
  `noticelog_stime` int(10) unsigned NOT NULL DEFAULT '0' COMMENT '通知时间',
  `noticelog_state` varchar(10) NOT NULL DEFAULT 'new' COMMENT '通知状态',
  `noticelog_error` varchar(50) NOT NULL COMMENT '失败提醒',
  PRIMARY KEY (`noticelog_id`),
  KEY `noticelog_state` (`noticelog_state`)
) ENGINE=MyISAM AUTO_INCREMENT=278 DEFAULT CHARSET=utf8;
/*#####################@ pe_cutsql @#####################*/
DROP TABLE IF EXISTS `xy_order`;
/*#####################@ pe_cutsql @#####################*/
CREATE TABLE `xy_order` (
  `order_id` bigint(15) unsigned NOT NULL COMMENT '订单id',
  `order_outid` varchar(50) NOT NULL COMMENT '第三方支付订单号',
  `order_type` varchar(10) NOT NULL COMMENT '订单类型(fixed/pintuan)',
  `order_virtual` tinyint(1) unsigned NOT NULL DEFAULT '0' COMMENT '是否虚拟商品订单',
  `order_name` varchar(50) NOT NULL,
  `order_money` decimal(10,1) unsigned NOT NULL DEFAULT '0.0' COMMENT '订单金额',
  `order_product_money` decimal(10,1) unsigned NOT NULL DEFAULT '0.0',
  `order_quan_id` int(10) unsigned NOT NULL DEFAULT '0',
  `order_quan_name` varchar(30) NOT NULL,
  `order_quan_money` int(10) unsigned NOT NULL DEFAULT '0',
  `order_point_get` smallint(5) unsigned NOT NULL DEFAULT '0',
  `order_point_use` smallint(5) unsigned NOT NULL DEFAULT '0',
  `order_point_money` decimal(10,1) unsigned NOT NULL DEFAULT '0.0',
  `order_wl_id` varchar(20) NOT NULL,
  `order_wl_name` varchar(20) NOT NULL,
  `order_wl_money` decimal(5,1) unsigned NOT NULL DEFAULT '0.0',
  `order_atime` int(10) unsigned NOT NULL DEFAULT '0' COMMENT '下单时间',
  `order_ptime` int(10) unsigned NOT NULL DEFAULT '0' COMMENT '付款时间',
  `order_stime` int(10) unsigned NOT NULL DEFAULT '0' COMMENT '发货时间',
  `order_ftime` int(10) unsigned NOT NULL DEFAULT '0' COMMENT '完成时间',
  `order_payment` varchar(10) NOT NULL DEFAULT 'alipay_js' COMMENT '支付方式类型',
  `order_payment_name` varchar(20) NOT NULL COMMENT '支付方式名称',
  `order_comment` tinyint(1) unsigned NOT NULL DEFAULT '0',
  `order_state` varchar(10) NOT NULL DEFAULT 'wpay',
  `order_pstate` tinyint(1) unsigned NOT NULL DEFAULT '0' COMMENT '付款状态',
  `order_sstate` tinyint(1) unsigned NOT NULL DEFAULT '0' COMMENT '发货状态',
  `order_text` varchar(255) NOT NULL COMMENT '订单留言',
  `order_closetext` varchar(255) NOT NULL COMMENT '订单关闭原因',
  `huodong_id` int(10) unsigned NOT NULL DEFAULT '0' COMMENT '活动id',
  `pintuan_id` bigint(15) unsigned NOT NULL DEFAULT '0' COMMENT '拼团id',
  `user_id` int(10) unsigned NOT NULL,
  `user_name` varchar(20) NOT NULL,
  `user_tname` varchar(10) NOT NULL,
  `user_phone` char(11) NOT NULL COMMENT '用户手机',
  `user_tel` varchar(20) NOT NULL,
  `user_address` varchar(255) NOT NULL COMMENT '用户地址',
  KEY `order_id` (`order_id`),
  KEY `user_id` (`user_id`)
) ENGINE=MyISAM DEFAULT CHARSET=utf8;
/*#####################@ pe_cutsql @#####################*/
DROP TABLE IF EXISTS `xy_order_pay`;
/*#####################@ pe_cutsql @#####################*/
CREATE TABLE `xy_order_pay` (
  `order_id` varchar(25) NOT NULL COMMENT '订单id',
  `order_outid` varchar(50) NOT NULL,
  `order_name` varchar(50) NOT NULL,
  `order_money` decimal(10,1) unsigned NOT NULL DEFAULT '0.0' COMMENT '订单金额',
  `order_state` varchar(10) NOT NULL DEFAULT 'wpay',
  `order_payment` varchar(10) NOT NULL DEFAULT 'alipay_js' COMMENT '支付方式类型',
  `order_payment_name` varchar(20) NOT NULL COMMENT '支付方式名称',
  `order_atime` int(10) unsigned NOT NULL DEFAULT '0' COMMENT '下单时间',
  `order_ptime` int(10) unsigned NOT NULL DEFAULT '0' COMMENT '付款时间',
  `order_pstate` tinyint(1) unsigned NOT NULL DEFAULT '0' COMMENT '付款状态',
  `user_id` int(10) unsigned NOT NULL,
  `user_name` varchar(20) NOT NULL,
  KEY `order_id` (`order_id`),
  KEY `user_id` (`user_id`)
) ENGINE=MyISAM DEFAULT CHARSET=utf8;
/*#####################@ pe_cutsql @#####################*/
DROP TABLE IF EXISTS `xy_orderdata`;
/*#####################@ pe_cutsql @#####################*/
CREATE TABLE `xy_orderdata` (
  `orderdata_id` int(10) unsigned NOT NULL AUTO_INCREMENT COMMENT '订单数据id',
  `order_id` bigint(15) unsigned NOT NULL DEFAULT '0' COMMENT '订单id',
  `product_guid` char(32) NOT NULL COMMENT '唯一id',
  `product_id` int(10) unsigned NOT NULL DEFAULT '0' COMMENT '商品id',
  `product_name` varchar(50) NOT NULL COMMENT '订单名称',
  `product_rule` varchar(255) NOT NULL,
  `product_logo` varchar(200) NOT NULL COMMENT '商品logo',
  `product_money` decimal(10,1) NOT NULL DEFAULT '0.0',
  `product_jjmoney` decimal(10,1) NOT NULL DEFAULT '0.0' COMMENT '加减价格',
  `product_allmoney` decimal(10,1) unsigned NOT NULL DEFAULT '0.0',
  `product_num` smallint(5) unsigned NOT NULL,
  `refund_id` bigint(15) unsigned NOT NULL DEFAULT '0',
  `refund_state` varchar(10) NOT NULL,
  `prorule_key` varchar(30) NOT NULL COMMENT '规格id组合',
  `prorule_name` varchar(255) NOT NULL COMMENT '规格名称组合',
  PRIMARY KEY (`orderdata_id`),
  KEY `order_id` (`order_id`),
  KEY `product_id` (`product_id`)
) ENGINE=MyISAM AUTO_INCREMENT=227 DEFAULT CHARSET=utf8;
/*#####################@ pe_cutsql @#####################*/
DROP TABLE IF EXISTS `xy_payment`;
/*#####################@ pe_cutsql @#####################*/
CREATE TABLE `xy_payment` (
  `payment_id` tinyint(3) unsigned NOT NULL AUTO_INCREMENT,
  `payment_name` varchar(10) NOT NULL,
  `payment_type` varchar(15) NOT NULL,
  `payment_desc` varchar(255) NOT NULL COMMENT '支付描述',
  `payment_model` text NOT NULL,
  `payment_config` text NOT NULL,
  `payment_order` tinyint(3) unsigned NOT NULL DEFAULT '0',
  `payment_state` tinyint(1) unsigned NOT NULL DEFAULT '1',
  PRIMARY KEY (`payment_id`)
) ENGINE=MyISAM AUTO_INCREMENT=6 DEFAULT CHARSET=utf8;
/*#####################@ pe_cutsql @#####################*/
INSERT INTO `xy_payment` VALUES('1','余额支付','balance','使用帐户余额支付，只有会员才能使用。','','','0','1'),
('2','支付宝','alipay','即时到帐接口，买家交易金额直接转入卖家支付宝账户。','a:5:{s:10:\"alipay_pid\";a:2:{s:4:\"name\";s:18:\"合作者身份Pid\";s:4:\"type\";s:4:\"text\";}s:10:\"alipay_key\";a:2:{s:4:\"name\";s:18:\"安全校验码Key\";s:4:\"type\";s:4:\"text\";}s:12:\"alipay_appid\";a:2:{s:4:\"name\";s:20:\"支付宝应用APPid\";s:4:\"type\";s:4:\"text\";}s:17:\"alipay_public_key\";a:2:{s:4:\"name\";s:15:\"支付宝公钥\";s:4:\"type\";s:8:\"textarea\";}s:21:\"alipay_my_private_key\";a:2:{s:4:\"name\";s:15:\"开发者私钥\";s:4:\"type\";s:8:\"textarea\";}}','a:5:{s:10:\"alipay_pid\";s:5:\"12345\";s:10:\"alipay_key\";s:6:\"123456\";s:12:\"alipay_appid\";s:6:\"123456\";s:17:\"alipay_public_key\";s:7:\"1234567\";s:21:\"alipay_my_private_key\";s:7:\"1234567\";}','0','1'),
('3','微信支付','wechat','用户使用微信扫码支付','a:3:{s:12:\"wechat_appid\";a:2:{s:4:\"name\";s:14:\"开发者AppID\";s:4:\"type\";s:4:\"text\";}s:12:\"wechat_mchid\";a:2:{s:4:\"name\";s:9:\"商户号\";s:4:\"type\";s:4:\"text\";}s:10:\"wechat_key\";a:2:{s:4:\"name\";s:9:\"API密钥\";s:4:\"type\";s:4:\"text\";}}','a:3:{s:12:\"wechat_appid\";s:6:\"123456\";s:12:\"wechat_mchid\";s:6:\"123456\";s:10:\"wechat_key\";s:6:\"123456\";}','0','1'),
('4','转账汇款','bank','通过线下汇款方式支付，汇款帐号：建设银行 621700254000005xxxx 刘某某','a:1:{s:9:\"bank_text\";a:2:{s:4:\"name\";s:12:\"收款信息\";s:4:\"type\";s:8:\"textarea\";}}','a:1:{s:9:\"bank_text\";s:168:\"请将款项汇款至以下账户：
建设银行 621700254000005xxxx 刘某某
工商银行 621700254000005xxxx 刘某某
农业银行 621700254000005xxxx 刘某某\";}','0','1'),
('5','货到付款','cod','送货上门后再收款，支持现金、POS机刷卡、支票支付','','','0','1');
/*#####################@ pe_cutsql @#####################*/
DROP TABLE IF EXISTS `xy_pintuan`;
/*#####################@ pe_cutsql @#####################*/
CREATE TABLE `xy_pintuan` (
  `pintuan_id` bigint(15) unsigned NOT NULL AUTO_INCREMENT,
  `pintuan_money` decimal(10,1) unsigned NOT NULL DEFAULT '0.0' COMMENT '拼团价',
  `pintuan_num` smallint(5) unsigned NOT NULL DEFAULT '0',
  `pintuan_atime` int(10) unsigned NOT NULL DEFAULT '0',
  `pintuan_stime` int(10) unsigned NOT NULL DEFAULT '0',
  `pintuan_etime` int(10) unsigned NOT NULL DEFAULT '0',
  `pintuan_state` varchar(10) NOT NULL DEFAULT 'wtuan',
  `product_id` int(10) unsigned NOT NULL DEFAULT '0',
  `product_name` varchar(100) NOT NULL,
  `product_logo` varchar(100) NOT NULL,
  `product_money` decimal(10,1) unsigned NOT NULL DEFAULT '0.0',
  `huodong_id` int(10) unsigned NOT NULL DEFAULT '0',
  `user_id` int(10) unsigned NOT NULL DEFAULT '0',
  `user_name` varchar(20) NOT NULL,
  PRIMARY KEY (`pintuan_id`),
  KEY `pintuan_state` (`pintuan_state`),
  KEY `product_id` (`product_id`),
  KEY `huodong_id` (`huodong_id`),
  KEY `user_id` (`user_id`)
) ENGINE=MyISAM DEFAULT CHARSET=utf8;
/*#####################@ pe_cutsql @#####################*/
DROP TABLE IF EXISTS `xy_pintuanlog`;
/*#####################@ pe_cutsql @#####################*/
CREATE TABLE `xy_pintuanlog` (
  `pintuanlog_id` int(10) unsigned NOT NULL AUTO_INCREMENT,
  `pintuanlog_atime` int(10) unsigned NOT NULL DEFAULT '0',
  `pintuan_id` bigint(15) unsigned NOT NULL DEFAULT '0',
  `order_id` bigint(15) unsigned NOT NULL DEFAULT '0' COMMENT '订单id',
  `user_id` int(10) unsigned NOT NULL DEFAULT '0',
  `user_name` varchar(20) NOT NULL,
  `user_logo` varchar(100) NOT NULL,
  PRIMARY KEY (`pintuanlog_id`),
  KEY `pintuan_id` (`pintuan_id`),
  KEY `user_id` (`user_id`)
) ENGINE=MyISAM DEFAULT CHARSET=utf8;
/*#####################@ pe_cutsql @#####################*/
DROP TABLE IF EXISTS `xy_pointlog`;
/*#####################@ pe_cutsql @#####################*/
CREATE TABLE `xy_pointlog` (
  `pointlog_id` int(10) unsigned NOT NULL AUTO_INCREMENT,
  `pointlog_type` varchar(10) NOT NULL COMMENT '积分类型',
  `pointlog_in` int(10) unsigned NOT NULL DEFAULT '0' COMMENT '积分收入',
  `pointlog_out` int(10) unsigned NOT NULL DEFAULT '0' COMMENT '积分支出',
  `pointlog_now` int(10) unsigned NOT NULL DEFAULT '0' COMMENT '当前结余',
  `pointlog_atime` int(10) unsigned NOT NULL DEFAULT '0' COMMENT '时间',
  `pointlog_text` varchar(255) NOT NULL COMMENT '备注',
  `user_id` int(10) unsigned NOT NULL DEFAULT '0' COMMENT '用户id',
  `user_name` varchar(20) NOT NULL COMMENT '用户名',
  PRIMARY KEY (`pointlog_id`),
  KEY `user_id` (`user_id`)
) ENGINE=MyISAM AUTO_INCREMENT=76 DEFAULT CHARSET=utf8;
/*#####################@ pe_cutsql @#####################*/
DROP TABLE IF EXISTS `xy_prodata`;
/*#####################@ pe_cutsql @#####################*/
CREATE TABLE `xy_prodata` (
  `product_guid` int(10) unsigned NOT NULL AUTO_INCREMENT COMMENT '商品规格id',
  `product_id` int(10) unsigned NOT NULL DEFAULT '0' COMMENT '商品id',
  `product_ruleid` varchar(30) NOT NULL COMMENT '规格id组合',
  `product_rulename` varchar(50) NOT NULL COMMENT '规格名组合',
  `product_rule` varchar(255) NOT NULL COMMENT '规格数据集',
  `product_money` decimal(10,1) unsigned NOT NULL DEFAULT '0.0' COMMENT '真实售价（有活动即活动价）',
  `product_smoney` decimal(10,1) unsigned NOT NULL DEFAULT '0.0' COMMENT '商城价',
  `product_mmoney` decimal(10,1) unsigned NOT NULL DEFAULT '0.0' COMMENT '市场价',
  `product_num` int(10) unsigned NOT NULL DEFAULT '0' COMMENT '剩余库存',
  `product_order` tinyint(3) unsigned NOT NULL DEFAULT '1',
  PRIMARY KEY (`product_guid`),
  KEY `product_id` (`product_id`)
) ENGINE=MyISAM AUTO_INCREMENT=31 DEFAULT CHARSET=utf8;
/*#####################@ pe_cutsql @#####################*/
INSERT INTO `xy_prodata` VALUES('20','6','2','深邃黑深邃黑','a:1:{i:0;a:2:{s:4:\"name\";s:6:\"颜色\";s:5:\"value\";s:18:\"深邃黑深邃黑\";}}','77.0','77.0','0.0','8888','1'),
('21','6','1','汝瓷白汝瓷白','a:1:{i:0;a:2:{s:4:\"name\";s:6:\"颜色\";s:5:\"value\";s:18:\"汝瓷白汝瓷白\";}}','77.0','77.0','0.0','8888','2'),
('22','6','3','荣耀金荣耀金','a:1:{i:0;a:2:{s:4:\"name\";s:6:\"颜色\";s:5:\"value\";s:18:\"荣耀金荣耀金\";}}','77.0','77.0','0.0','8888','3'),
('23','6','4','高端蓝高端蓝','a:1:{i:0;a:2:{s:4:\"name\";s:6:\"颜色\";s:5:\"value\";s:18:\"高端蓝高端蓝\";}}','77.0','77.0','0.0','8888','4'),
('24','6','5','天空蓝天空蓝','a:1:{i:0;a:2:{s:4:\"name\";s:6:\"颜色\";s:5:\"value\";s:18:\"天空蓝天空蓝\";}}','77.0','77.0','0.0','8888','5'),
('25','6','6','长江黄长江黄','a:1:{i:0;a:2:{s:4:\"name\";s:6:\"颜色\";s:5:\"value\";s:18:\"长江黄长江黄\";}}','77.0','77.0','0.0','8888','6'),
('26','6','7','深海蓝深海蓝','a:1:{i:0;a:2:{s:4:\"name\";s:6:\"颜色\";s:5:\"value\";s:18:\"深海蓝深海蓝\";}}','77.0','77.0','0.0','8888','7'),
('27','6','8','草地绿草地绿','a:1:{i:0;a:2:{s:4:\"name\";s:6:\"颜色\";s:5:\"value\";s:18:\"草地绿草地绿\";}}','77.0','77.0','0.0','8888','8'),
('28','6','9','黑夜黑黑夜黑','a:1:{i:0;a:2:{s:4:\"name\";s:6:\"颜色\";s:5:\"value\";s:18:\"黑夜黑黑夜黑\";}}','77.0','77.0','0.0','8888','9'),
('29','6','10','银白银白','a:1:{i:0;a:2:{s:4:\"name\";s:6:\"颜色\";s:5:\"value\";s:12:\"银白银白\";}}','77.0','77.0','0.0','8888','10'),
('30','6','11','彩色彩色','a:1:{i:0;a:2:{s:4:\"name\";s:6:\"颜色\";s:5:\"value\";s:12:\"彩色彩色\";}}','77.0','77.0','0.0','8888','11');
/*#####################@ pe_cutsql @#####################*/
DROP TABLE IF EXISTS `xy_product`;
/*#####################@ pe_cutsql @#####################*/
CREATE TABLE `xy_product` (
  `product_id` smallint(5) unsigned NOT NULL AUTO_INCREMENT COMMENT '商品id',
  `product_guid` int(10) unsigned NOT NULL DEFAULT '0',
  `product_type` varchar(10) NOT NULL DEFAULT 'normal' COMMENT '商品类型',
  `product_name` varchar(100) NOT NULL COMMENT '商品名称',
  `product_text` text NOT NULL COMMENT '商品描述',
  `product_keys` varchar(50) NOT NULL COMMENT '页面关键词',
  `product_desc` varchar(255) NOT NULL COMMENT '页面描述',
  `product_logo` varchar(100) NOT NULL COMMENT '商品logo',
  `product_album` text NOT NULL COMMENT '商品相册',
  `product_money` decimal(10,1) unsigned NOT NULL DEFAULT '0.0' COMMENT '商品商城价（有活动即活动价）',
  `product_smoney` decimal(10,1) unsigned NOT NULL DEFAULT '0.0' COMMENT '商品商城价',
  `product_mmoney` decimal(10,1) unsigned NOT NULL DEFAULT '0.0' COMMENT '商品市场价',
  `product_wlmoney` decimal(5,1) unsigned NOT NULL DEFAULT '0.0' COMMENT '商品物流价',
  `product_point` smallint(5) unsigned NOT NULL DEFAULT '0' COMMENT '赠送积分',
  `product_mark` varchar(20) NOT NULL COMMENT '商品货号',
  `product_weight` decimal(7,2) NOT NULL COMMENT '商品尺寸',
  `product_state` tinyint(1) unsigned NOT NULL DEFAULT '1' COMMENT '商品状态',
  `product_atime` int(10) unsigned NOT NULL DEFAULT '0' COMMENT '商品发布时间',
  `product_order` smallint(5) unsigned NOT NULL DEFAULT '10000' COMMENT '商品排序',
  `product_num` smallint(5) unsigned NOT NULL COMMENT '商品库存数',
  `product_sellnum` int(10) unsigned NOT NULL DEFAULT '0' COMMENT '商品销售数',
  `product_clicknum` int(10) unsigned NOT NULL DEFAULT '0' COMMENT '商品点击数',
  `product_collectnum` int(10) unsigned NOT NULL DEFAULT '0' COMMENT '商品收藏数',
  `product_asknum` int(10) unsigned NOT NULL DEFAULT '0' COMMENT '商品咨询数',
  `product_commentnum` int(10) unsigned NOT NULL DEFAULT '0' COMMENT '商品评价数',
  `product_commentrate` varchar(10) NOT NULL COMMENT '商品评价比例',
  `product_commentstar` int(10) unsigned NOT NULL DEFAULT '0' COMMENT '商品评价星级',
  `product_istuijian` tinyint(1) unsigned NOT NULL DEFAULT '0',
  `product_rule` text NOT NULL COMMENT '规格数据集',
  `prokey_type` varchar(10) NOT NULL COMMENT '点卡发放类型',
  `prokey_user` varchar(50) NOT NULL COMMENT '点卡帐号',
  `prokey_pw` varchar(50) NOT NULL COMMENT '点卡密码',
  `prokey_edate` date NOT NULL COMMENT '卡点有效期',
  `huodong_id` int(10) unsigned NOT NULL DEFAULT '0' COMMENT '活动id',
  `huodong_type` varchar(10) NOT NULL COMMENT '活动类型',
  `huodong_tag` varchar(10) NOT NULL COMMENT '活动标签',
  `huodong_stime` int(10) unsigned NOT NULL DEFAULT '0' COMMENT '活动开始时间',
  `huodong_etime` int(10) unsigned NOT NULL DEFAULT '0' COMMENT '活动结束时间',
  `category_id` smallint(5) unsigned NOT NULL COMMENT '商品分类id',
  `brand_id` smallint(5) unsigned NOT NULL DEFAULT '0' COMMENT '品牌id',
  `rule_id` varchar(30) NOT NULL COMMENT '商品规格id',
  PRIMARY KEY (`product_id`),
  KEY `category_id` (`category_id`),
  KEY `brand_id` (`brand_id`),
  KEY `huodong_type` (`huodong_type`)
) ENGINE=MyISAM AUTO_INCREMENT=8 DEFAULT CHARSET=utf8;
/*#####################@ pe_cutsql @#####################*/
INSERT INTO `xy_product` VALUES('7','0','virtual','腾讯QQ超级会员1个月超级会员一个月包月 QQSVIP1个月 自动充值','<p><br/></p><p>腾讯QQ超级会员1个月超级会员一个月包月 QQSVIP1个月 自动充值</p><p><img src=\"http://test.szkandk.cn/xy/attachment/2020-02/2020022515360915887d.jpg\" title=\"2020022515360915887d.jpg\"/></p><p><img src=\"http://test.szkandk.cn/xy/attachment/2020-02/2020022515361015858l.jpg\" title=\"2020022515361015858l.jpg\"/></p><p><img src=\"http://test.szkandk.cn/xy/attachment/2020-02/2020022515361115822q.png\" title=\"2020022515361115822q.png\"/></p><p><br/></p><p><br/></p>','','','attachment/2020-02/2020022515355215880r.jpg','attachment/2020-02/2020022515355215880r.jpg','0.1','0.1','0.0','0.0','1','','0.00','1','1582616176','10000','9987','45','3011','0','0','0','0,0,0','0','1','','','','','0000-00-00','0','','','0','0','6','4',''),
('6','0','normal','Apple iPhone X (A1865) 64GB 深空灰色 移动联通电信4G手机','<p>				</p><p><br/></p><p><br/></p><p><br/></p><p><br/></p><p><br/></p><p><br/></p><p><br/></p><p><br/></p><p><br/></p><p>Apple iPhone X (A1865) 64GB 深空灰色 移动联通电信4G手机</p><p><img src=\"http://test.szkandk.cn/xy/attachment/2020-02/2020022515281315882h.jpg\" title=\"2020022515281315882h.jpg\" alt=\"1.jpg\"/></p><p><img src=\"http://test.szkandk.cn/xy/attachment/2020-02/2020022515285115843y.jpg\" title=\"2020022515285115843y.jpg\" alt=\"3.jpg\"/></p><p><br/></p><p><br/></p><p><br/></p><p><br/></p><p><br/></p><p><br/></p><p><br/></p><p><br/></p><p><br/></p><p>				</p>','','','attachment/2020-02/2020022515253615853d.jpg','attachment/2020-02/2020022515253615853d.jpg','77.0','77.0','0.0','0.0','450','','0.00','1','1582615738','10000','65535','18','1196','0','0','0','','0','1','a:1:{i:0;a:3:{s:2:\"id\";s:1:\"1\";s:4:\"name\";s:6:\"颜色\";s:4:\"list\";a:11:{i:2;a:2:{s:2:\"id\";s:1:\"2\";s:4:\"name\";s:18:\"深邃黑深邃黑\";}i:1;a:2:{s:2:\"id\";s:1:\"1\";s:4:\"name\";s:18:\"汝瓷白汝瓷白\";}i:3;a:2:{s:2:\"id\";s:1:\"3\";s:4:\"name\";s:18:\"荣耀金荣耀金\";}i:4;a:2:{s:2:\"id\";s:1:\"4\";s:4:\"name\";s:18:\"高端蓝高端蓝\";}i:5;a:2:{s:2:\"id\";s:1:\"5\";s:4:\"name\";s:18:\"天空蓝天空蓝\";}i:6;a:2:{s:2:\"id\";s:1:\"6\";s:4:\"name\";s:18:\"长江黄长江黄\";}i:7;a:2:{s:2:\"id\";s:1:\"7\";s:4:\"name\";s:18:\"深海蓝深海蓝\";}i:8;a:2:{s:2:\"id\";s:1:\"8\";s:4:\"name\";s:18:\"草地绿草地绿\";}i:9;a:2:{s:2:\"id\";s:1:\"9\";s:4:\"name\";s:18:\"黑夜黑黑夜黑\";}i:10;a:2:{s:2:\"id\";s:2:\"10\";s:4:\"name\";s:12:\"银白银白\";}i:11;a:2:{s:2:\"id\";s:2:\"11\";s:4:\"name\";s:12:\"彩色彩色\";}}}}','','','','0000-00-00','0','','','0','0','2','4','');
/*#####################@ pe_cutsql @#####################*/
DROP TABLE IF EXISTS `xy_prokey`;
/*#####################@ pe_cutsql @#####################*/
CREATE TABLE `xy_prokey` (
  `prokey_id` int(10) unsigned NOT NULL AUTO_INCREMENT,
  `prokey_type` varchar(10) DEFAULT NULL COMMENT 'one=固定卡密，more=逐条发放',
  `prokey_user` varchar(50) NOT NULL,
  `prokey_pw` varchar(50) NOT NULL,
  `prokey_atime` int(10) unsigned NOT NULL DEFAULT '0',
  `prokey_edate` date NOT NULL,
  `prokey_state` varchar(10) NOT NULL DEFAULT 'new',
  `product_id` int(10) unsigned NOT NULL DEFAULT '0',
  `order_id` bigint(15) unsigned NOT NULL DEFAULT '0',
  `user_id` int(10) unsigned NOT NULL DEFAULT '0',
  `user_name` varchar(20) NOT NULL,
  PRIMARY KEY (`prokey_id`),
  KEY `prokey_state` (`prokey_state`),
  KEY `product_id` (`product_id`),
  KEY `order_id` (`order_id`)
) ENGINE=MyISAM AUTO_INCREMENT=93 DEFAULT CHARSET=utf8;
/*#####################@ pe_cutsql @#####################*/
INSERT INTO `xy_prokey` VALUES('89','one','','','1585728514','0000-00-00','new','7','0','0','');
/*#####################@ pe_cutsql @#####################*/
DROP TABLE IF EXISTS `xy_prorule`;
/*#####################@ pe_cutsql @#####################*/
CREATE TABLE `xy_prorule` (
  `prorule_id` int(10) unsigned NOT NULL AUTO_INCREMENT COMMENT '商品规格id',
  `prorule_key` varchar(30) NOT NULL COMMENT '规格id组合',
  `prorule_name` varchar(50) NOT NULL COMMENT '规格名组合',
  `product_money` decimal(10,1) unsigned NOT NULL DEFAULT '0.0' COMMENT '商品商城价（有活动即活动价）',
  `product_smoney` decimal(10,1) unsigned NOT NULL DEFAULT '0.0' COMMENT '商城价',
  `product_mmoney` decimal(10,1) unsigned NOT NULL DEFAULT '0.0' COMMENT '规格市场价',
  `product_num` smallint(5) unsigned NOT NULL DEFAULT '0' COMMENT '规格数量',
  `product_id` int(10) unsigned NOT NULL DEFAULT '0' COMMENT '商品id',
  PRIMARY KEY (`prorule_id`),
  KEY `product_id` (`product_id`)
) ENGINE=MyISAM DEFAULT CHARSET=utf8;
/*#####################@ pe_cutsql @#####################*/
DROP TABLE IF EXISTS `xy_quan`;
/*#####################@ pe_cutsql @#####################*/
CREATE TABLE `xy_quan` (
  `quan_id` int(10) unsigned NOT NULL AUTO_INCREMENT COMMENT '优惠券自增id',
  `quan_name` varchar(30) NOT NULL COMMENT '优惠券名称',
  `quan_type` varchar(10) NOT NULL DEFAULT 'online' COMMENT '发放方式(online线上领取/offline线下发放)',
  `quan_money` int(10) unsigned NOT NULL DEFAULT '0' COMMENT '优惠券面值',
  `quan_limit` smallint(5) unsigned NOT NULL DEFAULT '0' COMMENT '优惠券限制条件',
  `quan_num` int(10) unsigned NOT NULL DEFAULT '0' COMMENT '优惠券发行量',
  `quan_num_get` int(10) unsigned NOT NULL DEFAULT '0',
  `quan_num_use` int(10) unsigned NOT NULL DEFAULT '0',
  `quan_atime` int(10) unsigned NOT NULL DEFAULT '0' COMMENT '优惠券增加日期',
  `quan_sdate` date NOT NULL COMMENT '优惠券开始日期',
  `quan_edate` date NOT NULL COMMENT '优惠券结束日期',
  `product_id` text NOT NULL COMMENT '商品id',
  PRIMARY KEY (`quan_id`)
) ENGINE=MyISAM AUTO_INCREMENT=37 DEFAULT CHARSET=utf8;
/*#####################@ pe_cutsql @#####################*/
DROP TABLE IF EXISTS `xy_quanlog`;
/*#####################@ pe_cutsql @#####################*/
CREATE TABLE `xy_quanlog` (
  `quanlog_id` int(10) unsigned NOT NULL AUTO_INCREMENT COMMENT '优惠券自增id',
  `quanlog_atime` int(10) unsigned NOT NULL DEFAULT '0' COMMENT '领取时间',
  `quanlog_utime` int(10) unsigned NOT NULL DEFAULT '0' COMMENT '使用日期',
  `quanlog_state` tinyint(1) unsigned NOT NULL DEFAULT '0' COMMENT '0未使用,1已使用,2过期',
  `quan_id` int(10) unsigned NOT NULL DEFAULT '0',
  `quan_key` char(10) NOT NULL,
  `quan_name` varchar(30) NOT NULL COMMENT '优惠券名称',
  `quan_money` int(10) unsigned NOT NULL DEFAULT '0' COMMENT '优惠券面值',
  `quan_limit` smallint(5) unsigned NOT NULL DEFAULT '0' COMMENT '优惠券限制条件',
  `quan_sdate` date NOT NULL COMMENT '优惠券开始日期',
  `quan_edate` date NOT NULL COMMENT '优惠券结束日期',
  `product_id` text NOT NULL COMMENT '商品id',
  `user_id` int(10) unsigned NOT NULL DEFAULT '0',
  `user_name` varchar(20) NOT NULL,
  PRIMARY KEY (`quanlog_id`),
  KEY `quanlog_state` (`quanlog_state`),
  KEY `quan_id` (`quan_id`),
  KEY `quan_key` (`quan_key`),
  KEY `user_id` (`user_id`)
) ENGINE=MyISAM AUTO_INCREMENT=81670 DEFAULT CHARSET=utf8;
/*#####################@ pe_cutsql @#####################*/
DROP TABLE IF EXISTS `xy_refund`;
/*#####################@ pe_cutsql @#####################*/
CREATE TABLE `xy_refund` (
  `refund_id` bigint(15) unsigned NOT NULL,
  `refund_outid` varchar(50) NOT NULL,
  `refund_type` tinyint(3) unsigned NOT NULL DEFAULT '0',
  `refund_money` decimal(10,1) unsigned NOT NULL DEFAULT '0.0',
  `refund_product_money` decimal(10,1) unsigned NOT NULL DEFAULT '0.0',
  `refund_wl_money` decimal(10,1) unsigned NOT NULL DEFAULT '0.0',
  `refund_text` varchar(255) NOT NULL COMMENT '订单留言',
  `refund_tname` varchar(10) NOT NULL,
  `refund_phone` varchar(30) NOT NULL,
  `refund_address` varchar(50) NOT NULL,
  `refund_wl_name` varchar(20) NOT NULL,
  `refund_wl_id` varchar(20) NOT NULL,
  `refund_atime` int(10) unsigned NOT NULL DEFAULT '0',
  `refund_ftime` int(10) unsigned NOT NULL DEFAULT '0',
  `refund_state` varchar(10) NOT NULL DEFAULT 'wcheck',
  `refund_pstate` tinyint(1) NOT NULL DEFAULT '0' COMMENT '是否付款(0未付款/1已付款)',
  `refund_presult` varchar(50) NOT NULL,
  `order_id` varchar(30) NOT NULL COMMENT '订单id',
  `orderdata_id` int(10) unsigned NOT NULL DEFAULT '0',
  `product_id` int(10) unsigned NOT NULL DEFAULT '0',
  `product_guid` char(32) NOT NULL,
  `product_name` varchar(50) NOT NULL,
  `product_rule` varchar(255) NOT NULL,
  `product_logo` varchar(200) NOT NULL,
  `product_money` decimal(10,1) unsigned NOT NULL DEFAULT '0.0',
  `product_jjmoney` decimal(10,1) NOT NULL DEFAULT '0.0' COMMENT '商品加减价格',
  `product_allmoney` decimal(10,1) unsigned NOT NULL DEFAULT '0.0',
  `product_num` smallint(5) unsigned NOT NULL DEFAULT '0',
  `user_id` int(10) unsigned NOT NULL,
  `user_name` varchar(20) NOT NULL,
  KEY `refund_id` (`refund_id`),
  KEY `order_id` (`order_id`),
  KEY `user_id` (`user_id`)
) ENGINE=MyISAM DEFAULT CHARSET=utf8;
/*#####################@ pe_cutsql @#####################*/
DROP TABLE IF EXISTS `xy_refund_addr`;
/*#####################@ pe_cutsql @#####################*/
CREATE TABLE `xy_refund_addr` (
  `address_id` int(10) unsigned NOT NULL AUTO_INCREMENT,
  `address_order` int(10) unsigned NOT NULL DEFAULT '0',
  `refund_tname` varchar(10) NOT NULL,
  `refund_phone` varchar(30) NOT NULL,
  `refund_address` varchar(100) NOT NULL,
  PRIMARY KEY (`address_id`)
) ENGINE=MyISAM AUTO_INCREMENT=2 DEFAULT CHARSET=utf8;
/*#####################@ pe_cutsql @#####################*/
INSERT INTO `xy_refund_addr` VALUES('1','0','张开明','18955129593','广东省汕头市金平区下水道88号');
/*#####################@ pe_cutsql @#####################*/
DROP TABLE IF EXISTS `xy_refundlog`;
/*#####################@ pe_cutsql @#####################*/
CREATE TABLE `xy_refundlog` (
  `refundlog_id` int(10) unsigned NOT NULL AUTO_INCREMENT,
  `refundlog_atime` int(10) unsigned NOT NULL DEFAULT '0',
  `refundlog_text` text NOT NULL,
  `refund_id` bigint(15) unsigned NOT NULL DEFAULT '0',
  `user_id` int(10) unsigned NOT NULL DEFAULT '0',
  `user_name` varchar(20) NOT NULL,
  PRIMARY KEY (`refundlog_id`)
) ENGINE=MyISAM AUTO_INCREMENT=32 DEFAULT CHARSET=utf8;
/*#####################@ pe_cutsql @#####################*/
DROP TABLE IF EXISTS `xy_rule`;
/*#####################@ pe_cutsql @#####################*/
CREATE TABLE `xy_rule` (
  `rule_id` smallint(5) unsigned NOT NULL AUTO_INCREMENT COMMENT '规格id',
  `rule_name` varchar(20) NOT NULL COMMENT '规格名称',
  `rule_memo` varchar(20) NOT NULL COMMENT '规格备注',
  PRIMARY KEY (`rule_id`)
) ENGINE=MyISAM AUTO_INCREMENT=2 DEFAULT CHARSET=utf8;
/*#####################@ pe_cutsql @#####################*/
INSERT INTO `xy_rule` VALUES('1','颜色','');
/*#####################@ pe_cutsql @#####################*/
DROP TABLE IF EXISTS `xy_ruledata`;
/*#####################@ pe_cutsql @#####################*/
CREATE TABLE `xy_ruledata` (
  `ruledata_id` smallint(5) unsigned NOT NULL AUTO_INCREMENT COMMENT '规格值id',
  `ruledata_name` varchar(20) NOT NULL COMMENT '规格值名',
  `ruledata_logo` varchar(100) NOT NULL COMMENT '规格值图',
  `ruledata_order` smallint(5) unsigned NOT NULL DEFAULT '0' COMMENT '规格值排序',
  `rule_id` smallint(5) unsigned NOT NULL DEFAULT '0' COMMENT '规格id',
  PRIMARY KEY (`ruledata_id`)
) ENGINE=MyISAM AUTO_INCREMENT=12 DEFAULT CHARSET=utf8;
/*#####################@ pe_cutsql @#####################*/
INSERT INTO `xy_ruledata` VALUES('1','汝瓷白汝瓷白','','2','1'),
('2','深邃黑深邃黑','','1','1'),
('3','荣耀金荣耀金','','3','1'),
('4','高端蓝高端蓝','','4','1'),
('5','天空蓝天空蓝','','5','1'),
('6','长江黄长江黄','','6','1'),
('7','深海蓝深海蓝','','7','1'),
('8','草地绿草地绿','','8','1'),
('9','黑夜黑黑夜黑','','9','1'),
('10','银白银白','','10','1'),
('11','彩色彩色','','11','1');
/*#####################@ pe_cutsql @#####################*/
DROP TABLE IF EXISTS `xy_setting`;
/*#####################@ pe_cutsql @#####################*/
CREATE TABLE `xy_setting` (
  `setting_key` varchar(50) NOT NULL,
  `setting_value` text NOT NULL,
  KEY `setting_key` (`setting_key`)
) ENGINE=MyISAM DEFAULT CHARSET=utf8;
/*#####################@ pe_cutsql @#####################*/
INSERT INTO `xy_setting` VALUES('web_title','商城系统演示站'),
('web_keywords','商城系统演示站'),
('web_description','商城系统演示站'),
('web_copyright','2015-2019'),
('web_tpl','default'),
('web_logo','attachment/2017-05/20170509110941s.jpg'),
('web_qrcode','attachment/2020-01/2020011014295415749b.jpg'),
('web_phone','38053383'),
('web_qq','38053383'),
('web_icp','皖ICP备8545447号-1'),
('web_guestbuy','0'),
('web_hotword','逍遥,B2C商城系统'),
('web_tongji',''),
('web_wlname','顺丰快递,申通快递,圆通快递,韵达快递,中通快递,天天快递,宅急送,EMS快递,百事汇通,全峰快递,德邦物流'),
('wechat_admin_openid',''),
('wap_logo','attachment/2017-05/20170530182823g.png'),
('email_smtp',''),
('email_port',''),
('email_ssl','1'),
('email_name',''),
('email_pw',''),
('email_nname',''),
('email_admin',''),
('sms_key','123456'),
('sms_admin','13003006007'),
('sms_sign',''),
('point_state','1'),
('point_reg','10'),
('point_comment','50'),
('point_login','0');
/*#####################@ pe_cutsql @#####################*/
INSERT INTO `xy_setting` VALUES('point_money','100'),
('cashout_min','10'),
('cashout_fee','0.01'),
('wechat_appid','wx8d74b946b84f199a'),
('wechat_appsecret','e28760c2989d94ce7d906e8b6f936f53'),
('wechat_token','xyshopBh7cBHxtqdALk'),
('wechat_rssadd',''),
('wechat_access_token',''),
('wechat_menu',''),
('tg_state','0'),
('tg_fc1','0'),
('tg_fc2','0'),
('tg_fc3','0'),
('web_checkphone','0'),
('web_checkemail','0'),
('sms_secret','123456');
/*#####################@ pe_cutsql @#####################*/
DROP TABLE IF EXISTS `xy_sign`;
/*#####################@ pe_cutsql @#####################*/
CREATE TABLE `xy_sign` (
  `key` varchar(20) NOT NULL,
  `value` text NOT NULL,
  KEY `setting_key` (`key`)
) ENGINE=MyISAM DEFAULT CHARSET=utf8;
/*#####################@ pe_cutsql @#####################*/
INSERT INTO `xy_sign` VALUES('sign_state','0'),
('sign_text',''),
('sign_point','10'),
('sign_point_shouci','10'),
('sign_point_lianxu',''),
('sign_point_leiji','');
/*#####################@ pe_cutsql @#####################*/
DROP TABLE IF EXISTS `xy_signlog`;
/*#####################@ pe_cutsql @#####################*/
CREATE TABLE `xy_signlog` (
  `signlog_id` int(10) unsigned NOT NULL AUTO_INCREMENT COMMENT '自增id',
  `signlog_point` int(10) unsigned NOT NULL DEFAULT '0' COMMENT '奖励积分',
  `signlog_atime` int(10) unsigned NOT NULL DEFAULT '0' COMMENT '签到时间',
  `signlog_adate` date NOT NULL COMMENT '签到日期',
  `signlog_month` char(7) NOT NULL COMMENT '签到月份',
  `signlog_lx_day` smallint(5) unsigned NOT NULL DEFAULT '1' COMMENT '连续签到天数',
  `signlog_lj_day` smallint(5) unsigned NOT NULL DEFAULT '0' COMMENT '累计签到天数',
  `signlog_ip` char(15) NOT NULL COMMENT '签到者ip',
  `user_id` int(10) unsigned NOT NULL DEFAULT '0' COMMENT '用户id',
  `user_name` varchar(20) NOT NULL COMMENT '用户名',
  `user_logo` varchar(100) NOT NULL,
  PRIMARY KEY (`signlog_id`),
  KEY `signlog_adate` (`signlog_adate`),
  KEY `user_id` (`user_id`)
) ENGINE=MyISAM DEFAULT CHARSET=utf8;
/*#####################@ pe_cutsql @#####################*/
DROP TABLE IF EXISTS `xy_tguser`;
/*#####################@ pe_cutsql @#####################*/
CREATE TABLE `xy_tguser` (
  `tg_id` int(10) unsigned NOT NULL AUTO_INCREMENT COMMENT '自增id',
  `tguser_id` int(10) unsigned NOT NULL DEFAULT '0' COMMENT '推广用户id',
  `tguser_name` varchar(20) NOT NULL COMMENT '推广用户名',
  `tguser_level` tinyint(1) unsigned NOT NULL DEFAULT '0' COMMENT '推广层级关系',
  `user_id` int(10) unsigned NOT NULL DEFAULT '0' COMMENT '用户id',
  `user_name` varchar(20) NOT NULL COMMENT '用户名',
  `user_atime` int(10) unsigned NOT NULL DEFAULT '0' COMMENT '注册时间',
  PRIMARY KEY (`tg_id`),
  KEY `tguser_id` (`tguser_id`),
  KEY `user_id` (`user_id`)
) ENGINE=MyISAM DEFAULT CHARSET=utf8;
/*#####################@ pe_cutsql @#####################*/
DROP TABLE IF EXISTS `xy_user`;
/*#####################@ pe_cutsql @#####################*/
CREATE TABLE `xy_user` (
  `user_id` int(10) unsigned NOT NULL AUTO_INCREMENT COMMENT '用户id',
  `user_name` varchar(20) NOT NULL COMMENT '用户名',
  `user_nickname` varchar(30) DEFAULT NULL,
  `user_pw` char(32) NOT NULL COMMENT '登录密码',
  `user_paypw` char(32) NOT NULL COMMENT '支付密码',
  `user_logo` varchar(200) NOT NULL,
  `user_money` decimal(10,1) unsigned NOT NULL DEFAULT '0.0' COMMENT '账户余额',
  `user_money_cost` decimal(10,1) unsigned NOT NULL DEFAULT '0.0' COMMENT '总消费额',
  `user_money_tg` decimal(10,1) unsigned NOT NULL DEFAULT '0.0' COMMENT '推广总收益',
  `user_point` int(10) unsigned NOT NULL DEFAULT '0' COMMENT '账户积分余额',
  `user_point_all` int(10) unsigned NOT NULL DEFAULT '0' COMMENT '累计获得积分',
  `user_tname` varchar(10) NOT NULL COMMENT '用户姓名',
  `user_phone` char(11) NOT NULL COMMENT '用户手机',
  `user_tel` varchar(20) NOT NULL COMMENT '固定电话',
  `user_qq` varchar(10) NOT NULL COMMENT '用户QQ',
  `user_email` varchar(30) NOT NULL COMMENT '用户email',
  `user_atime` int(10) unsigned NOT NULL DEFAULT '0' COMMENT '用户注册时间',
  `user_ltime` int(10) unsigned NOT NULL DEFAULT '0' COMMENT '用户上次登录时间',
  `user_address` varchar(255) NOT NULL COMMENT '用户地址',
  `user_ordernum` int(10) unsigned NOT NULL DEFAULT '0',
  `user_ip` char(15) NOT NULL COMMENT '用户注册ip',
  `user_wx_openid` varchar(50) NOT NULL,
  `userlevel_id` smallint(5) unsigned NOT NULL DEFAULT '0' COMMENT '用户等级id',
  `tguser_id` int(10) unsigned NOT NULL DEFAULT '0' COMMENT '推广用户id',
  `tguser_name` varchar(20) NOT NULL COMMENT '推广用户名',
  PRIMARY KEY (`user_id`),
  KEY `user_name` (`user_name`),
  KEY `user_wx_openid` (`user_wx_openid`),
  KEY `tguser_id` (`tguser_id`)
) ENGINE=MyISAM AUTO_INCREMENT=46 DEFAULT CHARSET=utf8;
/*#####################@ pe_cutsql @#####################*/
DROP TABLE IF EXISTS `xy_useraddr`;
/*#####################@ pe_cutsql @#####################*/
CREATE TABLE `xy_useraddr` (
  `address_id` int(10) unsigned NOT NULL AUTO_INCREMENT,
  `address_province` varchar(20) NOT NULL,
  `address_city` varchar(20) NOT NULL,
  `address_area` varchar(20) NOT NULL,
  `address_text` varchar(100) NOT NULL,
  `address_atime` int(10) unsigned NOT NULL DEFAULT '0',
  `address_default` tinyint(1) unsigned NOT NULL DEFAULT '0',
  `user_id` int(10) unsigned NOT NULL DEFAULT '0',
  `user_name` varchar(20) NOT NULL,
  `user_tname` varchar(10) NOT NULL,
  `user_phone` char(11) NOT NULL,
  PRIMARY KEY (`address_id`),
  KEY `user_id` (`user_id`)
) ENGINE=MyISAM AUTO_INCREMENT=10 DEFAULT CHARSET=utf8;
/*#####################@ pe_cutsql @#####################*/
DROP TABLE IF EXISTS `xy_userbank`;
/*#####################@ pe_cutsql @#####################*/
CREATE TABLE `xy_userbank` (
  `userbank_id` int(10) unsigned NOT NULL AUTO_INCREMENT,
  `userbank_name` varchar(20) NOT NULL,
  `userbank_num` varchar(50) NOT NULL,
  `userbank_type` varchar(10) NOT NULL COMMENT '银行标识',
  `userbank_tname` varchar(10) NOT NULL COMMENT '账户姓名',
  `userbank_address` varchar(50) NOT NULL,
  `userbank_atime` int(10) unsigned NOT NULL DEFAULT '0' COMMENT '绑定日期',
  `user_id` int(10) unsigned NOT NULL DEFAULT '0',
  `user_name` varchar(20) NOT NULL,
  PRIMARY KEY (`userbank_id`),
  KEY `user_id` (`user_id`)
) ENGINE=MyISAM AUTO_INCREMENT=2 DEFAULT CHARSET=utf8;
/*#####################@ pe_cutsql @#####################*/
DROP TABLE IF EXISTS `xy_userlevel`;
/*#####################@ pe_cutsql @#####################*/
CREATE TABLE `xy_userlevel` (
  `userlevel_id` smallint(5) unsigned NOT NULL AUTO_INCREMENT COMMENT '自增id',
  `userlevel_name` varchar(10) NOT NULL COMMENT '用户组名',
  `userlevel_value` int(10) unsigned NOT NULL DEFAULT '0' COMMENT '用户组最大值',
  `userlevel_logo` varchar(100) NOT NULL COMMENT '用户组图标',
  `userlevel_zhe` decimal(3,2) unsigned NOT NULL DEFAULT '0.00' COMMENT '折扣率',
  `userlevel_up` varchar(10) NOT NULL DEFAULT 'auto' COMMENT '升级方式(auto自动/hand手动)',
  PRIMARY KEY (`userlevel_id`)
) ENGINE=MyISAM AUTO_INCREMENT=2 DEFAULT CHARSET=utf8;
/*#####################@ pe_cutsql @#####################*/
INSERT INTO `xy_userlevel` VALUES('1','普通用户','0','','1.00','auto');
/*#####################@ pe_cutsql @#####################*/
DROP TABLE IF EXISTS `xy_wechat_notice`;
/*#####################@ pe_cutsql @#####################*/
CREATE TABLE `xy_wechat_notice` (
  `notice_id` int(10) unsigned NOT NULL AUTO_INCREMENT COMMENT '通知记录id',
  `notice_name` varchar(20) NOT NULL,
  `notice_type` varchar(20) NOT NULL,
  `notice_obj` varchar(5) NOT NULL,
  `notice_tpl` varchar(50) NOT NULL,
  `notice_tplid` varchar(100) NOT NULL,
  `notice_industry1` varchar(20) NOT NULL DEFAULT 'IT科技',
  `notice_industry2` varchar(20) NOT NULL DEFAULT '互联网|电子商务',
  `notice_example` text NOT NULL,
  `notice_state` tinyint(1) unsigned NOT NULL DEFAULT '0',
  PRIMARY KEY (`notice_id`)
) ENGINE=MyISAM AUTO_INCREMENT=7 DEFAULT CHARSET=utf8;
/*#####################@ pe_cutsql @#####################*/
INSERT INTO `xy_wechat_notice` VALUES('1','用户下单','order_add','user','OPENTM202297555','','IT科技','互联网|电子商务','亲，您的订单已创建成功，请及时付款
订单号：180621101215088
商品名称：iPhoneX 64GB 深空灰色
订购数量：1台
订单总额：5980元
付款方式：微信支付
','0'),
('2','订单付款','order_pay','user','OPENTM202183094','','IT科技','互联网|电子商务','亲，您的订单已支付成功，正在为您备货，请耐心等待
付款金额：5980元
商品详情：iPhoneX 64GB 深空灰色
支付方式：微信支付
交易单号：180621101215088
交易时间：2018年6月26日 18:36','0'),
('3','订单发货','order_send','user','OPENTM410090504','','IT科技','互联网|电子商务','亲，您的订单已发货，请注意查收
商品详情：iPhoneX 64GB 深空灰色
发货时间：2018年6月26日 18:36
物流公司：顺丰快递
快递单号：123456789
收货地址：河南省灵宝市新华路
','0'),
('4','订单关闭','order_close','user','OPENTM408744504','','IT科技','互联网|电子商务','亲，您的订单已被关闭
商品名称：iPhoneX 64GB 深空灰色
订单编号：180621101215088
关闭原因：超时未付款','0'),
('5','用户下单','order_add','admin','OPENTM202297555','','IT科技','互联网|电子商务','您好，您收到了一个新订单
订单号：180621101215088
商品名称：iPhoneX 64GB 深空灰色
订购数量：1台
订单总额：5980元
付款方式：微信支付
付款状态：未支付','0'),
('6','订单付款','order_pay','admin','OPENTM400255038','','IT科技','互联网|电子商务','您好，您有一笔订单收款成功
客户账号：
订单编号：180621101215088
付款金额：5980元
付款时间：2018年6月26日 18:36
商品信息：iPhoneX 64GB 深空灰色
','0');
/*#####################@ pe_cutsql @#####################*/
DROP TABLE IF EXISTS `xy_wechat_noticelog`;
/*#####################@ pe_cutsql @#####################*/
CREATE TABLE `xy_wechat_noticelog` (
  `noticelog_id` int(10) unsigned NOT NULL AUTO_INCREMENT COMMENT '通知记录id',
  `noticelog_tpl` varchar(50) NOT NULL,
  `noticelog_tplid` varchar(100) NOT NULL,
  `noticelog_name` varchar(100) NOT NULL COMMENT '通知名称',
  `noticelog_data` text NOT NULL COMMENT '通知内容',
  `noticelog_url` varchar(100) NOT NULL,
  `noticelog_atime` int(10) unsigned NOT NULL DEFAULT '0' COMMENT '录入时间',
  `noticelog_stime` int(10) unsigned NOT NULL DEFAULT '0' COMMENT '通知时间',
  `noticelog_state` varchar(10) NOT NULL DEFAULT 'new' COMMENT '通知状态',
  `noticelog_error` varchar(50) NOT NULL COMMENT '失败提醒',
  `user_id` int(10) unsigned NOT NULL DEFAULT '0' COMMENT '用户id',
  `user_name` varchar(20) NOT NULL COMMENT '用户名',
  `user_wx_openid` varchar(50) NOT NULL,
  PRIMARY KEY (`noticelog_id`),
  KEY `noticelog_state` (`noticelog_state`)
) ENGINE=MyISAM AUTO_INCREMENT=193 DEFAULT CHARSET=utf8;
/*#####################@ pe_cutsql @#####################*/
DROP TABLE IF EXISTS `xy_yzmlog`;
/*#####################@ pe_cutsql @#####################*/
CREATE TABLE `xy_yzmlog` (
  `yzmlog_id` int(10) unsigned NOT NULL AUTO_INCREMENT COMMENT '自增id',
  `yzmlog_user` varchar(30) NOT NULL COMMENT '接受用户',
  `yzmlog_value` varchar(10) NOT NULL COMMENT '验证码值',
  `yzmlog_state` tinyint(1) unsigned NOT NULL DEFAULT '0' COMMENT '验证码状态(0待验证/1已验证)',
  `yzmlog_ip` char(15) NOT NULL COMMENT '验证码发送ip',
  `yzmlog_sessid` varchar(50) NOT NULL COMMENT '发送用户sessionid',
  `yzmlog_url` varchar(255) NOT NULL COMMENT '发送来源',
  `yzmlog_checknum` tinyint(3) unsigned NOT NULL DEFAULT '0' COMMENT '验证码检测失败次数',
  `yzmlog_atime` int(10) unsigned NOT NULL DEFAULT '0' COMMENT '验证码时间',
  `yzmlog_adate` date NOT NULL,
  PRIMARY KEY (`yzmlog_id`),
  KEY `yzmlog_user` (`yzmlog_user`),
  KEY `yzmlog_adate` (`yzmlog_adate`)
) ENGINE=MyISAM DEFAULT CHARSET=utf8;
